[
  {
    "Aldebaran": [
      "iss perilous",
      "bs invader",
      "bs marduk"
    ],
    "Formalhaut": [],
    "Vega": [],
    "Alfa Orionis": [
      " BS Marduk"
    ],
    "Alioth": [
      " BS Invader"
    ]
  },
  {
    "Aldebaran": [
      "iss perilous",
      "bs invader",
      "bs marduk"
    ],
    "Formalhaut": [],
    "Vega": [],
    "Alfa Orionis": [
      " BS Marduk"
    ],
    "Alioth": [
      " BS Invader"
    ]
  },
  {
    "Aldebaran": [
      "iss perilous",
      "bs invader",
      "bs marduk"
    ],
    "Formalhaut": [],
    "Vega": [],
    "Alfa Orionis": [
      " BS Marduk"
    ],
    "Alioth": [
      " BS Invader"
    ]
  },
  {
    "Aldebaran": [
      "iss perilous",
      "bs invader",
      "bs marduk"
    ],
    "Formalhaut": [],
    "Vega": [],
    "Alfa Orionis": [
      " BS Marduk"
    ],
    "Alioth": [
      " BS Invader"
    ]
  },
  {
    "Aldebaran": [
      "iss perilous",
      "bs invader",
      "bs marduk"
    ],
    "Formalhaut": [],
    "Vega": [],
    "Alfa Orionis": [
      " BS Marduk"
    ],
    "Alioth": [
      " BS Invader"
    ]
  }
]